{
    "loss": 0.24219419062137604,
    "accuracy": 0.9016764760017395
}