{
    "loss": 0.18015968799591064,
    "accuracy": 0.9406434297561646
}